Name,TimenMD_SAIFUL,09:55:03nMD_SAIFUL,09:55:04nMD_SAIFUL,09:55:04nMD_SAIFUL,09:55:04nMD_SAIFUL,09:55:05nMD_SAIFUL,09:55:05nMD_SAIFUL,09:55:05nMD_SAIFUL,09:55:06nMD_SAIFUL,09:55:06nMD_SAIFUL,09:55:06nMD_SAIFUL,09:55:07nMD_SAIFUL,09:55:07nMD_SAIFUL,09:55:07nMD_SAIFUL,09:55:08nMD_SAIFUL,09:55:08nMD_SAIFUL,09:55:08nMD_SAIFUL,09:55:09nMD_SAIFUL,09:55:09nMD_SAIFUL,09:55:10nMD_SAIFUL,09:55:10nMD_SAIFUL,09:55:10nMD_SAIFUL,09:55:11nMD_SAIFUL,09:55:11nMD_SAIFUL,09:55:11nMD_SAIFUL,09:55:12nMD_SAIFUL,09:55:12nMD_SAIFUL,09:55:12nMD_SAIFUL,09:55:13nMD_SAIFUL,09:55:13nMD_SAIFUL,09:55:14nMD_SAIFUL,09:55:14nMD_SAIFUL,09:55:14nMD_SAIFUL,09:55:15nMD_SAIFUL,09:55:15nMD_SAIFUL,09:55:15nMD_SAIFUL,09:55:16nMD_SAIFUL,09:55:16nMD_SAIFUL,09:55:16nMD_SAIFUL,09:55:17nMD_SAIFUL,09:55:17nMD_SAIFUL,09:55:17nMD_SAIFUL,09:55:18nMD_SAIFUL,09:55:18nMD_SAIFUL,09:55:18nMD_SAIFUL,09:55:19nMD_SAIFUL,09:55:19nMD_SAIFUL,09:55:19nMD_SAIFUL,09:55:20nMD_SAIFUL,09:55:20nMD_SAIFUL,09:55:21nMD_SAIFUL,09:55:21nMD_SAIFUL,09:55:21nMD_SAIFUL,09:55:22nMD_SAIFUL,09:55:22nMD_SAIFUL,09:55:22nMD_SAIFUL,09:55:23nMD_SAIFUL,09:55:23nMD_SAIFUL,09:55:23nMD_SAIFUL,09:55:24nMD_SAIFUL,09:55:24nMD_SAIFUL,09:55:25nMD_SAIFUL,09:55:25nMD_SAIFUL,09:55:25nMD_SAIFUL,09:55:26nMD_SAIFUL,09:55:26nMD_SAIFUL,09:55:26nMD_SAIFUL,09:55:27nMD_SAIFUL,09:55:27nMD_SAIFUL,09:55:27nMD_SAIFUL,09:55:28nMD_SAIFUL,09:55:28nMD_SAIFUL,09:55:28nMD_SAIFUL,09:55:29nMD_SAIFUL,09:55:29nMD_SAIFUL,09:55:29nMD_SAIFUL,09:55:30nMD_SAIFUL,09:55:30nMD_SAIFUL,09:55:31nMD_SAIFUL,09:55:31nMD_SAIFUL,09:55:31nMD_SAIFUL,09:55:32nMD_SAIFUL,09:55:32nMD_SAIFUL,09:55:32nMD_SAIFUL,09:55:33nMD_SAIFUL,09:55:33nMD_SAIFUL,09:55:33nMD_SAIFUL,09:55:34nMD_SAIFUL,09:55:34nMD_SAIFUL,09:55:34nMD_SAIFUL,09:55:35nMD_SAIFUL,09:55:35nMD_SAIFUL,09:55:35nMD_SAIFUL,09:55:36nMD_SAIFUL,09:55:36nMD_SAIFUL,09:55:36nMD_SAIFUL,09:55:37nMD_SAIFUL,09:55:37nMD_SAIFUL,09:55:37nMD_SAIFUL,09:55:38nMD_SAIFUL,09:55:38nMD_SAIFUL,09:55:38nMD_SAIFUL,09:55:39nMD_SAIFUL,09:55:39nMD_SAIFUL,09:55:39nMD_SAIFUL,09:55:40nMD_SAIFUL,09:55:40nMD_SAIFUL,09:55:40nMD_SAIFUL,09:55:41nMD_SAIFUL,09:55:41nMD_SAIFUL,09:55:41nMD_SAIFUL,09:55:42nMD_SAIFUL,09:55:42nMD_SAIFUL,09:55:43nMD_SAIFUL,09:55:43nMD_SAIFUL,09:55:43nMD_SAIFUL,09:55:44nMD_SAIFUL,09:55:44nMD_SAIFUL,09:55:44nMD_SAIFUL,09:55:45nMD_SAIFUL,09:55:45nMD_SAIFUL,09:55:45nMD_SAIFUL,09:55:46nMD_SAIFUL,09:55:46nMD_SAIFUL,09:55:46nMD_SAIFUL,09:55:47nMD_SAIFUL,09:55:47nMD_SAIFUL,09:55:47nMD_SAIFUL,09:55:48nMD_SAIFUL,09:55:48nMD_SAIFUL,09:55:48nMD_SAIFUL,09:55:49nMD_SAIFUL,09:55:49nMD_SAIFUL,09:55:49nMD_SAIFUL,09:55:50nMD_SAIFUL,09:55:50nMD_SAIFUL,09:55:50nMD_SAIFUL,09:55:51nMD_SAIFUL,09:55:51nMD_SAIFUL,09:55:51nMD_SAIFUL,09:55:52nMD_SAIFUL,09:55:52nMD_SAIFUL,09:55:52nMD_SAIFUL,09:55:53nMD_SAIFUL,09:55:53nMD_SAIFUL,09:55:53nMD_SAIFUL,09:55:54nMD_SAIFUL,09:55:54nMD_SAIFUL,09:58:54nMD_SAIFUL,09:58:54nMD_SAIFUL,09:58:55nMD_SAIFUL,09:58:55nMD_SAIFUL,09:58:55nMD_SAIFUL,09:58:56nMD_SAIFUL,09:58:56nMD_SAIFUL,09:58:56nMD_SAIFUL,09:58:57nMD_SAIFUL,09:58:57nMD_SAIFUL,09:58:57nMD_SAIFUL,09:58:58nMD_SAIFUL,09:58:58nMD_SAIFUL,09:58:58nMD_SAIFUL,09:58:59nMD_SAIFUL,09:58:59nMD_SAIFUL,09:58:59nMD_SAIFUL,09:59:00nMD_SAIFUL,09:59:00nMD_SAIFUL,09:59:00nMD_SAIFUL,09:59:01nMD_SAIFUL,09:59:01nMD_SAIFUL,09:59:01nMD_SAIFUL,09:59:02nMD_SAIFUL,09:59:02nMD_SAIFUL,09:59:02nMD_SAIFUL,09:59:03nMD_SAIFUL,09:59:03nMD_SAIFUL,09:59:03nMD_SAIFUL,09:59:04nMD_SAIFUL,09:59:04nMD_SAIFUL,09:59:04nMD_SAIFUL,09:59:05nMD_SAIFUL,09:59:05nMD_SAIFUL,09:59:05nMD_SAIFUL,09:59:06nMD_SAIFUL,09:59:06nMD_SAIFUL,09:59:06nMD_SAIFUL,09:59:06nMD_SAIFUL,09:59:07nMD_SAIFUL,09:59:07nMD_SAIFUL,09:59:07nMD_SAIFUL,09:59:08nMD_SAIFUL,09:59:08nMD_SAIFUL,09:59:08nMD_SAIFUL,09:59:09nMD_SAIFUL,09:59:09nMD_SAIFUL,09:59:09nMD_SAIFUL,09:59:10nMD_SAIFUL,09:59:10nMD_SAIFUL,09:59:10nMD_SAIFUL,09:59:11nMD_SAIFUL,09:59:11nMD_SAIFUL,09:59:11nMD_SAIFUL,09:59:12nMD_SAIFUL,09:59:12nMD_SAIFUL,09:59:13nMD_SAIFUL,09:59:13nMD_SAIFUL,09:59:13nMD_SAIFUL,09:59:14nMD_SAIFUL,09:59:14nMD_SAIFUL,09:59:14nMD_SAIFUL,09:59:15nMD_SAIFUL,09:59:15nMD_SAIFUL,09:59:16nMD_SAIFUL,10:00:52
nMD_SAIFUL,10:00:53
nMD_SAIFUL,10:00:53
nMD_SAIFUL,10:00:53
nMD_SAIFUL,10:00:54
nMD_SAIFUL,10:00:54
nMD_SAIFUL,10:00:55
nMD_SAIFUL,10:00:55
nMD_SAIFUL,10:00:55
nMD_SAIFUL,10:00:56
nMD_SAIFUL,10:00:56
nMD_SAIFUL,10:00:56
nMD_SAIFUL,10:00:57
nMD_SAIFUL,10:00:57
nMD_SAIFUL,10:00:57
nMD_SAIFUL,10:00:58
nMD_SAIFUL,10:00:58
nMD_SAIFUL,10:00:59
nMD_SAIFUL,10:00:59
nMD_SAIFUL,10:00:59
nMD_SAIFUL,10:01:00
nMD_SAIFUL,10:01:00
nMD_SAIFUL,10:01:00
nMD_SAIFUL,10:01:01
nMD_SAIFUL,10:01:01
nMD_SAIFUL,10:01:01
nMD_SAIFUL,10:01:02
nMD_SAIFUL,10:01:02
nMD_SAIFUL,10:01:03
nMD_SAIFUL,10:01:03
nMD_SAIFUL,10:01:03
nMD_SAIFUL,10:01:04
nMD_SAIFUL,10:01:04
nMD_SAIFUL,10:01:05
nMD_SAIFUL,10:01:05
nMD_SAIFUL,10:01:05
nMD_SAIFUL,10:01:06
nMD_SAIFUL,10:01:06
nMD_SAIFUL,10:01:07
nMD_SAIFUL,10:01:07
nMD_SAIFUL,10:01:08
nMD_SAIFUL,10:01:08
nMD_SAIFUL,10:01:08
nMD_SAIFUL,10:01:09
nMD_SAIFUL,10:01:09
nMD_SAIFUL,10:01:10
nMD_SAIFUL,10:01:10
nMD_SAIFUL,10:01:10
nMD_SAIFUL,10:01:11
nMD_SAIFUL,10:01:11
nMD_SAIFUL,10:01:12
nMD_SAIFUL,10:01:12
nMD_SAIFUL,10:01:12
nMD_SAIFUL,10:01:13
nMD_SAIFUL,10:01:13
nMD_SAIFUL,10:01:14
nMD_SAIFUL,10:01:14
nMD_SAIFUL,10:01:14
nMD_SAIFUL,10:01:15
nMD_SAIFUL,10:01:15
nMD_SAIFUL,10:01:16
nMD_SAIFUL,10:01:16
nMD_SAIFUL,10:01:17
nMD_SAIFUL,10:01:17
nMD_SAIFUL,10:01:17
nMD_SAIFUL,10:01:18
nMD_SAIFUL,10:01:18
nMD_SAIFUL,10:01:19
nMD_SAIFUL,10:01:19
nMD_SAIFUL,10:01:19
nMD_SAIFUL,10:01:20
nMD_SAIFUL,10:01:20
nMD_SAIFUL,10:01:20
nMD_SAIFUL,10:01:21
nMD_SAIFUL,10:01:21
nMD_SAIFUL,10:01:21
nMD_SAIFUL,10:01:22
nMD_SAIFUL,10:01:22
nMD_SAIFUL,10:01:22
nMD_SAIFUL,10:01:23
nMD_SAIFUL,10:01:23
nMD_SAIFUL,10:01:23
nMD_SAIFUL,10:01:24
nMD_SAIFUL,10:01:24
nMD_SAIFUL,10:01:25
nMD_SAIFUL,10:01:26
nMD_SAIFUL,10:01:26
nMD_SAIFUL,10:01:26
nMD_SAIFUL,10:01:27
nMD_SAIFUL,10:01:27
nMD_SAIFUL,10:01:27
nMD_SAIFUL,10:01:28
nMD_SAIFUL,10:01:28
nMD_SAIFUL,10:01:29
nMD_SAIFUL,10:01:29
nMD_SAIFUL,10:01:29
nMD_SAIFUL,10:01:30
nMD_SAIFUL,10:01:30
nMD_SAIFUL,10:01:30
nMD_SAIFUL,10:01:31
nMD_SAIFUL,10:01:31
nMD_SAIFUL,10:01:31
nMD_SAIFUL,10:01:32
nMD_SAIFUL,10:01:32
nMD_SAIFUL,10:01:32
nMD_SAIFUL,10:01:33
nMD_SAIFUL,10:01:33
nMD_SAIFUL,10:01:33
nMD_SAIFUL,10:01:33
nMD_SAIFUL,10:01:34
nMD_SAIFUL,10:01:34
nMD_SAIFUL,10:01:34
nMD_SAIFUL,10:01:35
nMD_SAIFUL,10:01:35
nMD_SAIFUL,10:01:35
nMD_SAIFUL,10:01:36
nMD_SAIFUL,10:01:36
nMD_SAIFUL,10:01:36
nMD_SAIFUL,10:01:37
nMD_SAIFUL,10:01:37
nMD_SAIFUL,10:01:37
nMD_SAIFUL,10:01:38
nMD_SAIFUL,10:01:38
nMD_SAIFUL,10:01:39
nMD_SAIFUL,10:01:39
nMD_SAIFUL,10:01:39
